loc_share,contract_share,missed_share
0.00031056802020143384,0.000657030223390276,0.0010395010395010396
0.007674222854323281,0.001314060446780552,0.002079002079002079
0.015037877688445129,0.0019710906701708277,0.0031185031185031187
0.015328128174614692,0.002628120893561104,0.004158004158004158
0.01570835631149682,0.0032851511169513796,0.005197505197505198
0.016227904681740343,0.003942181340341655,0.006237006237006237
0.01674745305198386,0.0045992115637319315,0.007276507276507277
0.017267001422227382,0.005256241787122208,0.008316008316008316
0.017786549792470904,0.005913272010512484,0.009355509355509356
0.018123240356427598,0.006570302233902759,0.010395010395010396
0.018462833425245986,0.007227332457293035,0.011434511434511435
0.01884886657185151,0.00788436268068331,0.012474012474012475
0.019223289699010247,0.008541392904073587,0.013513513513513514
0.019597712826168984,0.009198423127463863,0.014553014553014554
0.01997213595332772,0.00985545335085414,0.015592515592515593
0.020355266595071548,0.010512483574244415,0.016632016632016633
0.02103155022784663,0.011169513797634692,0.017671517671517672
0.021707833860621716,0.011826544021024968,0.018711018711018712
0.022082256987780456,0.012483574244415242,0.01975051975051975
0.022421850056598844,0.013140604467805518,0.02079002079002079
0.022761443125417235,0.013797634691195795,0.02182952182952183
0.023101036194235626,0.01445466491458607,0.02286902286902287
0.03046469102835747,0.015111695137976347,0.02390852390852391
0.037828345862479316,0.01576872536136662,0.02494802494802495
0.04519200069660117,0.0164257555847569,0.02598752598752599
0.04555191129945143,0.017082785808147174,0.02702702702702703
0.04587989434882304,0.017739816031537452,0.028066528066528068
0.05324354918294488,0.018396846254927726,0.029106029106029108
0.054419063651931616,0.019053876478318004,0.030145530145530147
0.05559457812091835,0.01971090670170828,0.031185031185031187
0.05677009258990509,0.020367936925098553,0.032224532224532226
0.057945607058891825,0.02102496714848883,0.033264033264033266
0.058468057933997036,0.021681997371879105,0.034303534303534305
0.05898760630424056,0.022339027595269383,0.035343035343035345
0.05950715467448408,0.022996057818659658,0.036382536382536385
0.0600267030447276,0.023653088042049936,0.037422037422037424
0.06054625141497112,0.02431011826544021,0.038461538461538464
0.06106579978521464,0.024967148488830485,0.0395010395010395
0.06158534815545816,0.025624178712220762,0.04054054054054054
0.06210489652570168,0.026281208935611037,0.04158004158004158
0.0626244448959452,0.026938239159001315,0.04261954261954262
0.06314399326618872,0.02759526938239159,0.04365904365904366
0.06366354163643224,0.028252299605781867,0.0446985446985447
0.06418309000667576,0.02890932982917214,0.04573804573804574
0.06470263837691928,0.02956636005256242,0.04677754677754678
0.0652221867471628,0.030223390275952694,0.04781704781704782
0.06574173511740632,0.03088042049934297,0.04885654885654886
0.06626128348764984,0.03153745072273324,0.0498960498960499
0.06663570661480858,0.032194480946123524,0.05093555093555094
0.06701012974196732,0.0328515111695138,0.05197505197505198
0.06752967811221083,0.03350854139290407,0.05301455301455302
0.06804922648245436,0.03416557161629435,0.05405405405405406
0.06856877485269788,0.03482260183968462,0.0550935550935551
0.06909122572780309,0.035479632063074903,0.056133056133056136
0.06946564885496183,0.03613666228646518,0.057172557172557176
0.06984297448698226,0.03679369250985545,0.058212058212058215
0.07024352015789627,0.03745072273324573,0.059251559251559255
0.070617943285055,0.03810775295663601,0.060291060291060294
0.07099236641221374,0.03876478318002628,0.061330561330561334
0.07136678953937248,0.03942181340341656,0.062370062370062374
0.07174121266653122,0.04007884362680683,0.06340956340956341
0.07211563579368996,0.040735873850197106,0.06444906444906445
0.0724900589208487,0.04139290407358739,0.06548856548856549
0.07289060459176269,0.04204993429697766,0.06652806652806653
0.07326502771892143,0.042706964520367936,0.06756756756756757
0.07363945084608017,0.04336399474375821,0.06860706860706861
0.0740138739732389,0.04402102496714849,0.06964656964656965
0.07441441964415291,0.04467805519053877,0.07068607068607069
0.07478884277131165,0.04533508541392904,0.07172557172557173
0.07542158883116129,0.045992115637319315,0.07276507276507277
0.07580471947290511,0.04664914586070959,0.07380457380457381
0.07617914260006385,0.04730617608409987,0.07484407484407485
0.07655356572722259,0.047963206307490146,0.07588357588357589
0.07692798885438133,0.04862023653088042,0.07692307692307693
0.07730241198154007,0.049277266754270695,0.07796257796257797
0.07767683510869881,0.04993429697766097,0.079002079002079
0.07805125823585754,0.05059132720105125,0.08004158004158005
0.07839085130467593,0.051248357424441525,0.08108108108108109
0.07866658926653702,0.0519053876478318,0.08212058212058213
0.08603024410065886,0.052562417871222074,0.08316008316008316
0.08654979247090239,0.053219448094612355,0.0841995841995842
0.08706934084114591,0.05387647831800263,0.08523908523908524
0.08758888921138942,0.054533508541392904,0.08627858627858628
0.08861347342756799,0.05519053876478318,0.08731808731808732
0.08913302179781152,0.05584756898817345,0.08835758835758836
0.08965257016805503,0.056504599211563734,0.0893970893970894
0.09017792354802194,0.05716162943495401,0.09043659043659044
0.09069747191826547,0.05781865965834428,0.09147609147609148
0.09121702028850898,0.05847568988173456,0.09251559251559252
0.0917365686587525,0.05913272010512484,0.09355509355509356
0.09209938176646446,0.059789750328515114,0.0945945945945946
0.09305720837082403,0.06044678055190539,0.09563409563409564
0.09357675674106754,0.06110381077529566,0.09667359667359668
0.09409630511131106,0.06176084099868594,0.09771309771309772
0.09461585348155459,0.06241787122207622,0.09875259875259876
0.0951354018517981,0.06307490144546649,0.0997920997920998
0.09565495022204162,0.06373193166885677,0.10083160083160084
0.09618030360200854,0.06438896189224705,0.10187110187110188
0.09669985197225206,0.06504599211563732,0.10291060291060292
0.09721940034249557,0.0657030223390276,0.10395010395010396
0.0977389487127391,0.06636005256241786,0.104989604989605
0.09825849708298261,0.06701708278580815,0.10602910602910603
0.09877804545322613,0.06767411300919843,0.10706860706860707
0.09929759382346966,0.0683311432325887,0.10810810810810811
0.09981714219371317,0.06898817345597898,0.10914760914760915
0.10033959306881839,0.06964520367936924,0.1101871101871102
0.10085914143906191,0.07030223390275953,0.11122661122661123
0.10138449481902882,0.07095926412614981,0.11226611226611227
0.10190404318927235,0.07161629434954007,0.11330561330561331
0.1028618697936319,0.07227332457293036,0.11434511434511435
0.10340463820276899,0.07293035479632064,0.11538461538461539
0.10392418657301251,0.0735873850197109,0.11642411642411643
0.10444373494325603,0.07424441524310119,0.11746361746361747
0.10496328331349955,0.07490144546649145,0.11850311850311851
0.10548283168374308,0.07555847568988174,0.11954261954261955
0.10585144980117842,0.07621550591327202,0.12058212058212059
0.10621716541375206,0.07687253613666228,0.12162162162162163
0.10658578353118742,0.07752956636005257,0.12266112266112267
0.10776129800017414,0.07818659658344283,0.12370062370062371
0.10893681246916088,0.07884362680683311,0.12474012474012475
0.11011232693814763,0.0795006570302234,0.1257796257796258
0.110518677618785,0.08015768725361366,0.12681912681912683
0.11104983600847532,0.08081471747700394,0.12785862785862787
0.11156938437871883,0.08147174770039421,0.1288981288981289
0.11208893274896235,0.0821287779237845,0.12993762993762994
0.11260848111920588,0.08278580814717477,0.13097713097713098
0.11312802948944939,0.08344283837056504,0.13201663201663202
0.11364757785969291,0.08409986859395532,0.13305613305613306
0.11416712622993644,0.08475689881734559,0.1340956340956341
0.11468667460017995,0.08541392904073587,0.13513513513513514
0.11520622297042347,0.08607095926412615,0.13617463617463618
0.115725771340667,0.08672798948751642,0.13721413721413722
0.11624531971091051,0.0873850197109067,0.13825363825363826
0.11676486808115404,0.08804204993429698,0.1392931392931393
0.11728441645139756,0.08869908015768725,0.14033264033264034
0.11780396482164107,0.08935611038107753,0.14137214137214138
0.11817258293907643,0.0900131406044678,0.14241164241164242
0.11854120105651177,0.09067017082785808,0.14345114345114346
0.11889820915450033,0.09132720105124836,0.1444906444906445
0.11926682727193567,0.09198423127463863,0.14553014553014554
0.11964125039909441,0.09264126149802891,0.14656964656964658
0.12001567352625316,0.09329829172141918,0.14760914760914762
0.1203900966534119,0.09395532194480946,0.14864864864864866
0.12076451978057064,0.09461235216819974,0.1496881496881497
0.12113894290772938,0.09526938239159001,0.15072765072765074
0.1215133660348881,0.09592641261498029,0.15176715176715178
0.12187327663773836,0.09658344283837056,0.15280665280665282
0.12224189475517372,0.09724047306176084,0.15384615384615385
0.12261631788233246,0.09789750328515112,0.1548856548856549
0.12297332598032101,0.09855453350854139,0.15592515592515593
0.12334774910747975,0.09921156373193167,0.15696465696465697
0.12374829477839375,0.09986859395532194,0.158004158004158
0.12414884044930775,0.10052562417871222,0.15904365904365905
0.12454938612022175,0.1011826544021025,0.1600831600831601
0.12494993179113575,0.10183968462549277,0.16112266112266113
0.1252459872870287,0.10249671484888305,0.16216216216216217
0.1256465329579427,0.10315374507227333,0.1632016632016632
0.1260470786288567,0.1038107752956636,0.16424116424116425
0.12722259309784345,0.10446780551905388,0.1652806652806653
0.12839810756683018,0.10512483574244415,0.16632016632016633
0.12880445824746756,0.10578186596583443,0.16735966735966737
0.1299799727164543,0.10643889618922471,0.1683991683991684
0.13115548718544104,0.10709592641261498,0.1704781704781705
0.13233100165442777,0.10775295663600526,0.17151767151767153
0.13273735233506517,0.10840998685939553,0.17255717255717257
0.13314370301570255,0.10906701708278581,0.1735966735966736
0.13355005369633993,0.10972404730617609,0.17463617463617465
0.13395640437697734,0.11038107752956636,0.17567567567567569
0.13436275505761472,0.11103810775295664,0.17671517671517672
0.13482425333062434,0.1116951379763469,0.17775467775467776
0.13528575160363393,0.11235216819973719,0.1787941787941788
0.13574724987664355,0.11300919842312747,0.17983367983367984
0.13620874814965314,0.11366622864651774,0.18087318087318088
0.136658636403216,0.11432325886990802,0.18191268191268192
0.1371056221519171,0.11498028909329829,0.18295218295218296
0.13755551040547992,0.11563731931668857,0.183991683991684
0.13796186108611733,0.11629434954007885,0.18503118503118504
0.1386381447188924,0.11695137976346912,0.18607068607068608
0.13907642295300846,0.1176084099868594,0.18711018711018712
0.13947987112878413,0.11826544021024968,0.18814968814968816
0.1399152468580385,0.11892247043363995,0.1891891891891892
0.14033901256784606,0.11957950065703023,0.19022869022869024
0.1407743882971004,0.1202365308804205,0.19126819126819128
0.141035613734653,0.12089356110381078,0.19230769230769232
0.14147098946390735,0.12155059132720106,0.19334719334719336
0.14189765767857662,0.12220762155059132,0.1943866943866944
0.14233303340783096,0.1228646517739816,0.19542619542619544
0.1427597016225002,0.12352168199737187,0.19646569646569648
0.14319507735175457,0.12417871222076216,0.19750519750519752
0.1443705918207413,0.12483574244415244,0.19854469854469856
0.14554610628972803,0.12549277266754272,0.1995841995841996
0.14672162075871478,0.12614980289093297,0.20062370062370063
0.1478971352277015,0.12680683311432325,0.20166320166320167
0.14832090093750908,0.12746386333771353,0.20270270270270271
0.14875627666676342,0.12812089356110382,0.20374220374220375
0.14919165239601775,0.1287779237844941,0.2047817047817048
0.14962702812527212,0.12943495400788435,0.20582120582120583
0.15006240385452646,0.13009198423127463,0.20686070686070687
0.1505064870983659,0.1307490144546649,0.2079002079002079
0.15082286012829071,0.1314060446780552,0.20893970893970895
0.15124662583809828,0.13206307490144548,0.20997920997921
0.15167329405276753,0.13272010512483573,0.21101871101871103
0.1520970597625751,0.133377135348226,0.21205821205821207
0.15252953298696775,0.1340341655716163,0.2130977130977131
0.1529649087162221,0.13469119579500657,0.21413721413721415
0.15340028444547646,0.13534822601839686,0.2151767151767152
0.1538356601747308,0.1360052562417871,0.21621621621621623
0.15425942588453836,0.1366622864651774,0.21725571725571727
0.15465416654572897,0.13731931668856767,0.2182952182952183
0.15508083476039822,0.13797634691195795,0.21933471933471935
0.15552201549937597,0.13863337713534823,0.2203742203742204
0.15594578120918354,0.1392904073587385,0.22141372141372143
0.1563637419092677,0.13994743758212877,0.22245322245322247
0.15679911763852206,0.14060446780551905,0.2234927234927235
0.15735639857196762,0.14126149802890933,0.22453222453222454
0.15758279395117986,0.14191852825229961,0.22557172557172558
0.15798914463181726,0.1425755584756899,0.22661122661122662
0.15839549531245464,0.14323258869908015,0.22765072765072766
0.15880184599309205,0.14388961892247043,0.2286902286902287
0.15920819667372943,0.1445466491458607,0.22972972972972974
0.15972774504397294,0.145203679369251,0.23076923076923078
0.16024729341421648,0.14586070959264127,0.23180873180873182
0.16076684178446,0.14651773981603153,0.23284823284823286
0.1612863901547035,0.1471747700394218,0.2338877338877339
0.16180593852494704,0.1478318002628121,0.23492723492723494
0.16232548689519055,0.14848883048620237,0.23596673596673598
0.16284503526543406,0.14914586070959265,0.23700623700623702
0.1633645836356776,0.1498028909329829,0.23804573804573806
0.1638841320059211,0.1504599211563732,0.2390852390852391
0.16440368037616462,0.15111695137976347,0.24012474012474014
0.16492322874640816,0.15177398160315375,0.24116424116424118
0.16544277711665167,0.15243101182654403,0.24220374220374222
0.16596232548689518,0.1530880420499343,0.24324324324324326
0.16648187385713872,0.15374507227332457,0.2442827442827443
0.16700142222738223,0.15440210249671485,0.24532224532224534
0.16752097059762575,0.15505913272010513,0.24636174636174638
0.16804051896786928,0.1557161629434954,0.24740124740124741
0.1685600673381128,0.15637319316688567,0.24844074844074845
0.16900995559167561,0.15703022339027595,0.2494802494802495
0.16945984384523843,0.15768725361366623,0.2505197505197505
0.16992134211824805,0.1583442838370565,0.2515592515592516
0.17031027776971527,0.1590013140604468,0.2525987525987526
0.1707601660232781,0.15965834428383704,0.25363825363825365
0.171218761791426,0.16031537450722733,0.25467775467775466
0.17218239340550895,0.1609724047306176,0.25571725571725573
0.17270774678547587,0.1616294349540079,0.25675675675675674
0.1732824427480916,0.16228646517739817,0.2577962577962578
0.17383101616695207,0.16294349540078842,0.2588357588357588
0.17942704554030128,0.1636005256241787,0.2598752598752599
0.1796737584535454,0.164257555847569,0.2609147609147609
0.17992047136678954,0.16491458607095927,0.26195426195426197
0.18016718428003367,0.16557161629434955,0.262993762993763
0.1804167996981395,0.1662286465177398,0.26403326403326405
0.1807447827475111,0.16688567674113008,0.26507276507276506
0.18096247061213827,0.16754270696452037,0.2661122661122661
0.18151975154558384,0.16819973718791065,0.26715176715176714
0.1820770324790294,0.16885676741130093,0.2681912681912682
0.18251240820828374,0.16951379763469118,0.2692307692307692
0.182939076422953,0.17017082785808146,0.2702702702702703
0.18336284213276058,0.17082785808147175,0.2713097713097713
0.18379821786201492,0.17148488830486203,0.27234927234927236
0.18423359359126926,0.1721419185282523,0.2733887733887734
0.184674774330247,0.1727989487516426,0.27442827442827444
0.18511015005950135,0.17345597897503284,0.27546777546777546
0.18583867877978696,0.17411300919842312,0.2785862785862786
0.18639595971323253,0.1747700394218134,0.2796257796257796
0.1869532406466781,0.1754270696452037,0.2806652806652807
0.18726961367660291,0.17608409986859397,0.2817047817047817
0.18770789191071896,0.17674113009198422,0.28274428274428276
0.18792267727048442,0.1773981603153745,0.28378378378378377
0.1881345601253882,0.17805519053876478,0.28586278586278585
0.188346442980292,0.17871222076215507,0.2869022869022869
0.18855832583519577,0.17936925098554535,0.28794178794178793
0.18877020869009956,0.1800262812089356,0.288981288981289
0.1899950657417351,0.18068331143232588,0.2910602910602911
0.19064812933561665,0.18134034165571616,0.2920997920997921
0.19089484224886077,0.18199737187910645,0.29313929313929316
0.1911386526572432,0.18265440210249673,0.29417879417879417
0.19138536557048733,0.18331143232588698,0.29521829521829523
0.19163207848373146,0.18396846254927726,0.29625779625779625
0.19230255710678315,0.18462549277266754,0.29625779625779625
0.19285983804022871,0.18528252299605782,0.2972972972972973
0.19341711897367428,0.1859395532194481,0.2983367983367983
0.19375671204249267,0.18659658344283836,0.2993762993762994
0.19409630511131107,0.18725361366622864,0.3004158004158004
0.19443589818012946,0.18791064388961892,0.30145530145530147
0.19469422111282036,0.1885676741130092,0.3024948024948025
0.1953443822018402,0.18922470433639949,0.30457380457380456
0.19570429280469046,0.18988173455978974,0.30561330561330563
0.19636316140829535,0.19053876478318002,0.30665280665280664
0.19692044234174091,0.1911957950065703,0.3076923076923077
0.1975444808870055,0.19185282522996058,0.3076923076923077
0.19810756683017444,0.19250985545335086,0.3087318087318087
0.19865904275389662,0.19316688567674112,0.3097713097713098
0.19921632368734218,0.1938239159001314,0.3108108108108108
0.19962847937770295,0.19448094612352168,0.31185031185031187
0.20002902504861694,0.19513797634691196,0.3128898128898129
0.20042957071953096,0.19579500657030224,0.31392931392931395
0.20096072910922125,0.1964520367936925,0.31496881496881496
0.20148898499404985,0.19710906701708278,0.316008316008316
0.20202014338374016,0.19776609724047306,0.31704781704781704
0.20235683394769685,0.19842312746386334,0.3180873180873181
0.20255420427829215,0.19908015768725362,0.3191268191268191
0.20295474994920618,0.19973718791064388,0.3201663201663202
0.20337271064929033,0.20039421813403416,0.3212058212058212
0.2035845935041941,0.20105124835742444,0.32224532224532226
0.2037964763590979,0.20170827858081472,0.32432432432432434
0.20400835921400168,0.202365308804205,0.32536382536382535
0.2044611499724262,0.20302233902759526,0.3264033264033264
0.20482976808986156,0.20367936925098554,0.32744282744282743
0.20505616346907382,0.20433639947437582,0.3284823284823285
0.2052622413142542,0.2049934296977661,0.3295218295218295
0.2054712216642963,0.20565045992115638,0.3305613305613306
0.20600238005398658,0.20630749014454666,0.3316008316008316
0.2065306359388152,0.20696452036793692,0.33264033264033266
0.2070617943285055,0.2076215505913272,0.33367983367983367
0.20735784982439845,0.20827858081471748,0.33471933471933474
0.2076539053202914,0.20893561103810776,0.3367983367983368
0.20793544829187588,0.20959264126149804,0.33783783783783783
0.208449191652396,0.2102496714848883,0.3388773388773389
0.20901808260528837,0.21090670170827858,0.3399168399168399
0.20958407105331903,0.21156373193166886,0.340956340956341
0.21004847183119033,0.21222076215505914,0.341995841995842
0.21043740748265755,0.21287779237844942,0.34303534303534305
0.21064058282297624,0.21353482260183967,0.34407484407484407
0.21088439323135866,0.21419185282522996,0.34511434511434513
0.21124140132934724,0.21484888304862024,0.34615384615384615
0.21150262676689985,0.21550591327201052,0.3471933471933472
0.2117145096218036,0.2161629434954008,0.3482328482328482
0.2119263924767074,0.21681997371879105,0.3492723492723493
0.21213827533161117,0.21747700394218134,0.3503118503118503
0.21235015818651495,0.21813403416557162,0.35135135135135137
0.21256204104141874,0.2187910643889619,0.3523908523908524
0.21277392389632252,0.21944809461235218,0.35343035343035345
0.21314254201375787,0.22010512483574243,0.35446985446985446
0.2137114329666502,0.22076215505913271,0.35550935550935553
0.21428032391954258,0.221419185282523,0.35654885654885654
0.2145270368327867,0.22207621550591328,0.3575883575883576
0.21477374974603083,0.22273324572930356,0.3586278586278586
0.21502046265927496,0.2233902759526938,0.3596673596673597
0.2152671755725191,0.2240473061760841,0.3607068607068607
0.21566772124343309,0.22470433639947437,0.36174636174636177
0.21589701912750703,0.22536136662286466,0.3627858627858628
0.21605085188517692,0.22601839684625494,0.36382536382536385
0.21620468464284678,0.2266754270696452,0.36486486486486486
0.21648622761443126,0.22733245729303547,0.3659043659043659
0.21695353089716427,0.22798948751642575,0.367983367983368
0.21717702377151482,0.22864651773981604,0.369022869022869
0.2179839201230662,0.22930354796320632,0.3700623700623701
0.21855281107595856,0.22996057818659657,0.3711018711018711
0.2191217020288509,0.23061760840998685,0.37214137214137216
0.21969349548660494,0.23127463863337713,0.3731808731808732
0.22026528894435898,0.23193166885676741,0.37422037422037424
0.22083708240211303,0.2325886990801577,0.37525987525987525
0.22140597335500536,0.23324572930354795,0.3762993762993763
0.22190230168635533,0.23390275952693823,0.37733887733887733
0.2221025745218123,0.2345597897503285,0.3783783783783784
0.22242185005659884,0.2352168199737188,0.3783783783783784
0.22299074100949118,0.23587385019710908,0.3794178794178794
0.2231910138449482,0.23653088042049936,0.3804573804573805
0.22369895219574493,0.2371879106438896,0.3814968814968815
0.2238527849534148,0.2378449408672799,0.38253638253638256
0.22400661771108465,0.23850197109067017,0.38357588357588357
0.22430557571183932,0.23915900131406045,0.38461538461538464
0.22454358111049835,0.23981603153745074,0.38565488565488565
0.22485995414042317,0.240473061760841,0.3866943866943867
0.22519374219951818,0.24113009198423127,0.3877338877338877
0.22540272254956026,0.24178712220762155,0.3887733887733888
0.22560589788987898,0.24244415243101183,0.3898128898128898
0.2259919310364845,0.24310118265440211,0.3918918918918919
0.22619800888166489,0.24375821287779237,0.39397089397089397
0.22672336226163178,0.24441524310118265,0.39397089397089397
0.22740545090413025,0.24507227332457293,0.39501039501039503
0.22763184628334251,0.2457293035479632,0.39604989604989604
0.22833134995501117,0.2463863337713535,0.3970893970893971
0.2285171102661597,0.24704336399474375,0.3981288981288981
0.22907439119960527,0.24770039421813403,0.3991683991683992
0.22963167213305083,0.2483574244415243,0.4002079002079002
0.2301889530664964,0.2490144546649146,0.40124740124740127
0.23075494151452702,0.24967148488830487,0.4022869022869023
0.231318027457696,0.2503285151116951,0.40332640332640335
0.23179984326473746,0.25098554533508544,0.40436590436590436
0.23227295155719385,0.2516425755584757,0.40540540540540543
0.23280410994688416,0.25229960578186594,0.40644490644490644
0.23333236583171277,0.25295663600525625,0.4074844074844075
0.23370098394914812,0.2536136662286465,0.4085239085239085
0.23388674426029663,0.2542706964520368,0.4095634095634096
0.23415377470757265,0.25492772667542707,0.4095634095634096
0.23442661016457203,0.2555847568988173,0.4106029106029106
0.23480683830145416,0.25624178712220763,0.4126819126819127
0.23501001364177285,0.2568988173455979,0.41372141372141374
0.23533509418628276,0.2575558475689882,0.4158004158004158
0.2359068876440368,0.25821287779237845,0.41683991683991684
0.23647577859692914,0.2588699080157687,0.4178794178794179
0.2370446695498215,0.259526938239159,0.4189189189189189
0.23761646300757555,0.26018396846254926,0.41995841995842
0.2381853539604679,0.2608409986859396,0.420997920997921
0.23846109192232898,0.2614980289093298,0.42203742203742206
0.23870199982584972,0.2621550591327201,0.4230769230769231
0.2387223173598816,0.2628120893561104,0.4230769230769231
0.23970336400313472,0.26346911957950064,0.42515592515592515
0.24001973703305954,0.26412614980289095,0.4261954261954262
0.24113720140481235,0.2647831800262812,0.42723492723492723
0.2414448669201521,0.26544021024967146,0.4282744282744283
0.24165674977505588,0.26609724047306177,0.4293139293139293
0.24186863262995967,0.266754270696452,0.4303534303534304
0.24208051548486342,0.26741130091984233,0.43243243243243246
0.2422923983397672,0.2680683311432326,0.43347193347193347
0.242504281194671,0.26872536136662284,0.43451143451143454
0.243105099701042,0.26938239159001315,0.43555093555093555
0.24365657562476417,0.2700394218134034,0.4365904365904366
0.24391780106231678,0.2706964520367937,0.4376299376299376
0.2440309987519229,0.27135348226018396,0.4386694386694387
0.24441703189852843,0.2720105124835742,0.4397089397089397
0.2445708646561983,0.2726675427069645,0.4407484407484408
0.24496270281252722,0.2733245729303548,0.4417879417879418
0.245174585667431,0.2739816031537451,0.44386694386694386
0.24538646852233478,0.27463863337713534,0.44490644490644493
0.24559835137723857,0.2752956636005256,0.44594594594594594
0.2459031143877166,0.2759526938239159,0.448024948024948
0.2461730473398543,0.27660972404730616,0.4490644490644491
0.24652134792325778,0.27726675427069647,0.4501039501039501
0.2466954982149595,0.2779237844940867,0.45114345114345117
0.24671871825385308,0.278580814717477,0.4521829521829522
0.24724407163381998,0.2792378449408673,0.45322245322245325
0.24741822192552174,0.27989487516425754,0.45426195426195426
0.24793196528604186,0.28055190538764785,0.4553014553014553
0.24808579804371172,0.2812089356110381,0.45634095634095634
0.24832380344237076,0.2818659658344284,0.4573804573804574
0.248645981482019,0.28252299605781866,0.4584199584199584
0.2500972339128668,0.2831800262812089,0.4594594594594595
0.25080834760398224,0.28383705650459923,0.46361746361746364
0.25099410791513077,0.2844940867279895,0.4656964656964657
0.251182770731141,0.2851511169513798,0.4677754677754678
0.2519780570632456,0.28580814717477004,0.4677754677754678
0.2526601457057441,0.2864651773981603,0.4688149688149688
0.25286332104606274,0.2871222076215506,0.4698544698544699
0.2530403738426262,0.28777923784494086,0.4708939708939709
0.25343801700867846,0.28843626806833117,0.47193347193347196
0.25357443473717817,0.2890932982917214,0.47401247401247404
0.25391983281571995,0.2897503285151117,0.47505197505197505
0.25421879081647464,0.290407358738502,0.4760914760914761
0.25459901895335674,0.29106438896189224,0.4781704781704782
0.2547673642353351,0.29172141918528255,0.4792099792099792
0.255225960003483,0.2923784494086728,0.4792099792099792
0.2554320378486634,0.29303547963206306,0.4812889812889813
0.2558964386265347,0.29369250985545337,0.48232848232848236
0.256360839404406,0.2943495400788436,0.48336798336798337
0.2565349896961077,0.29500657030223393,0.48440748440748443
0.2567091399878095,0.2956636005256242,0.48544698544698545
0.2574986213101907,0.29632063074901444,0.4864864864864865
0.25807041476794473,0.29697766097240474,0.4875259875259875
0.25818651496241257,0.297634691195795,0.4885654885654886
0.25906307143064466,0.2982917214191853,0.4896049896049896
0.25919368414942096,0.29894875164257556,0.4896049896049896
0.259231416712623,0.2996057818659658,0.49064449064449067
0.25958842481061156,0.3002628120893561,0.4916839916839917
0.2599454329086001,0.3009198423127464,0.49272349272349275
0.26033436856006736,0.3015768725361367,0.49376299376299376
0.2603575885989609,0.30223390275952694,0.49480249480249483
0.26038080863785446,0.3028909329829172,0.49584199584199584
0.2607610367747366,0.3035479632063075,0.4968814968814969
0.261100629843555,0.30420499342969776,0.4979209979209979
0.2617507909325748,0.30486202365308807,0.498960498960499
0.2619481612631701,0.3055190538764783,0.5
0.2638725219864743,0.3061760840998686,0.501039501039501
0.26488259367834444,0.3068331143232589,0.501039501039501
0.2650915740283865,0.30749014454664914,0.502079002079002
0.26534699445621573,0.30814717477003944,0.5041580041580042
0.26557048733056626,0.3088042049934297,0.5051975051975052
0.26579398020491685,0.30946123521681995,0.5062370062370062
0.26873131512495285,0.31011826544021026,0.5062370062370062
0.2690041505819522,0.3107752956636005,0.5072765072765073
0.27013322497315184,0.3114323258869908,0.5072765072765073
0.2703451078280556,0.3120893561103811,0.5093555093555093
0.27044089048849157,0.31274638633377133,0.5093555093555093
0.2710330014802775,0.31340341655716164,0.5103950103950103
0.27162801497692507,0.3140604467805519,0.5114345114345115
0.2718834354047543,0.3147174770039422,0.5135135135135135
0.2722085159492642,0.31537450722733246,0.5145530145530145
0.27286738455286913,0.3160315374507227,0.5155925155925156
0.27376716105999477,0.316688567674113,0.5166320166320166
0.274022581487824,0.3173455978975033,0.5176715176715176
0.2742809044205149,0.3180026281208936,0.5187110187110187
0.2746175949844716,0.31865965834428384,0.5197505197505198
0.2752735610832148,0.3193166885676741,0.5207900207900208
0.27552898151104405,0.3199737187910644,0.5218295218295218
0.27592372217223465,0.32063074901445465,0.5228690228690228
0.2759469422111282,0.32128777923784496,0.5239085239085239
0.27625170522160625,0.3219448094612352,0.524948024948025
0.2769686239224451,0.32260183968462547,0.5280665280665281
0.27743882971003975,0.3232588699080158,0.5301455301455301
0.2781354308768467,0.32391590013140603,0.5311850311850311
0.2786172466838882,0.32457293035479634,0.5322245322245323
0.27915711258816356,0.3252299605781866,0.5332640332640333
0.2794531680840565,0.32588699080157685,0.5343035343035343
0.27962731837575827,0.32654402102496716,0.5353430353430353
0.2796505384146518,0.3272010512483574,0.5363825363825364
0.27983629872580035,0.3278580814717477,0.5374220374220374
0.2811482309232868,0.328515111695138,0.5374220374220374
0.28144718892404147,0.3291721419185282,0.5384615384615384
0.28185063709981717,0.32982917214191854,0.5395010395010394
0.2824775781499434,0.3304862023653088,0.5405405405405406
0.28297390648129334,0.3311432325886991,0.5405405405405406
0.2837488752793661,0.33180026281208935,0.5415800415800416
0.2840913708530462,0.3324572930354796,0.5426195426195426
0.2845470641163324,0.3331143232588699,0.5436590436590436
0.28457028415522595,0.33377135348226017,0.5446985446985447
0.2848024845441616,0.3344283837056505,0.5467775467775468
0.2850143673990654,0.33508541392904073,0.5478170478170478
0.2852639828171712,0.335742444152431,0.5478170478170478
0.28536847299219226,0.3363994743758213,0.5478170478170478
0.2858909238672975,0.33705650459921155,0.5478170478170478
0.28612312425623315,0.33771353482260186,0.5488565488565489
0.28645110730560475,0.3383705650459921,0.5519750519750519
0.2866136475778597,0.33902759526938236,0.5519750519750519
0.28731315124952833,0.3396846254927727,0.5540540540540541
0.28776884451281454,0.3403416557161629,0.5540540540540541
0.2880968275621862,0.34099868593955324,0.5550935550935551
0.2883348329608452,0.3416557161629435,0.5561330561330561
0.2885525208254724,0.34231274638633374,0.5571725571725572
0.28876440368037615,0.34296977660972405,0.5582120582120582
0.2894610048471831,0.3436268068331143,0.5592515592515592
0.2899776507125649,0.3442838370565046,0.5602910602910602
0.2906597393550634,0.34494086727989487,0.5613305613305614
0.29102255246277536,0.3455978975032852,0.5623700623700624
0.2920587466984007,0.34625492772667543,0.5654885654885655
0.2939976199460134,0.3469119579500657,0.5665280665280665
0.29417467274257686,0.347568988173456,0.5675675675675675
0.2943517255391403,0.34822601839684625,0.5686070686070686
0.2946129509766929,0.34888304862023656,0.5696465696465697
0.2950047891330218,0.3495400788436268,0.5696465696465697
0.29637767393260384,0.35019710906701706,0.5696465696465697
0.2967491945549009,0.3508541392904074,0.5706860706860707
0.2969465648854962,0.35151116951379763,0.5717255717255717
0.2975473833918672,0.35216819973718794,0.5717255717255717
0.297730241198154,0.3528252299605782,0.5727650727650727
0.29821495951005716,0.35348226018396844,0.5738045738045738
0.2991727861144167,0.35413929040735875,0.5738045738045738
0.2992598612602676,0.354796320630749,0.5748440748440748
0.2993556439207036,0.3554533508541393,0.5758835758835759
0.29977070211592605,0.35611038107752957,0.5758835758835759
0.30164281775171975,0.3567674113009198,0.5769230769230769
0.30276028212347256,0.35742444152431013,0.5769230769230769
0.3029344324151743,0.3580814717477004,0.577962577962578
0.3031869503381418,0.3587385019710907,0.577962577962578
0.3033814181638754,0.35939553219448095,0.579002079002079
0.30357588598960905,0.3600525624178712,0.58004158004158
0.30377325632020435,0.3607095926412615,0.581081081081081
0.3051461411197864,0.36136662286465177,0.581081081081081
0.3056192494122428,0.3620236530880421,0.5821205821205822
0.30617943285055005,0.36268068331143233,0.5831600831600832
0.307209822076452,0.3633377135348226,0.5841995841995842
0.3078948132238121,0.3639947437582129,0.5852390852390852
0.3085856093808957,0.36465177398160314,0.5862785862785863
0.3089193974399907,0.36530880420499345,0.5873180873180873
0.30921255043102197,0.3659658344283837,0.5883575883575883
0.3092589905088091,0.36662286465177396,0.5893970893970893
0.3093983107421705,0.36727989487516427,0.5914760914760915
0.3097930514033611,0.3679369250985545,0.5925155925155925
0.3101877920645517,0.36859395532194483,0.5935550935550935
0.31089310074594373,0.3692509855453351,0.5945945945945946
0.31111369111543263,0.36990801576872534,0.5945945945945946
0.3115142367863466,0.37056504599211565,0.5945945945945946
0.31213537282674947,0.3712220762155059,0.5966735966735967
0.3124691608858445,0.3718791064388962,0.5977130977130977
0.3127942414303544,0.37253613666228647,0.5997920997920998
0.3135140626360549,0.3731931668856767,0.6008316008316008
0.31404231852088355,0.37385019710906703,0.6018711018711018
0.3143819115897019,0.3745072273324573,0.6018711018711018
0.31493629001828577,0.3751642575558476,0.6029106029106029
0.3154906684468696,0.37582128777923784,0.603950103950104
0.31562708617536933,0.3764783180026281,0.606029106029106
0.3160421443705918,0.3771353482260184,0.6070686070686071
0.31654427771166516,0.37779237844940866,0.6070686070686071
0.31695643340202595,0.37844940867279897,0.6091476091476091
0.31741502917017383,0.3791064388961892,0.6101871101871101
0.3175804719472905,0.3797634691195795,0.6122661122661123
0.31775752474385394,0.3804204993429698,0.6133056133056133
0.3180942153078106,0.38107752956636004,0.6143451143451143
0.3182538530752039,0.38173455978975035,0.6153846153846154
0.3187414738919688,0.3823915900131406,0.6164241164241164
0.31895045424201085,0.38304862023653086,0.6185031185031185
0.31950773517545644,0.38370565045992117,0.6185031185031185
0.31963834789423273,0.3843626806833114,0.6195426195426196
0.3198299132151046,0.38501971090670173,0.6195426195426196
0.32006791861376366,0.385676741130092,0.6195426195426196
0.32081676486808114,0.38633377135348224,0.6216216216216216
0.3213159957042928,0.38699080157687255,0.6237006237006237
0.3218065190259194,0.3876478318002628,0.6237006237006237
0.32222157722114186,0.3883048620236531,0.6247401247401247
0.32257568281426874,0.38896189224704336,0.6257796257796258
0.32340870170957536,0.3896189224704336,0.6268191268191268
0.3248454416161147,0.3902759526938239,0.6278586278586279
0.3253214524134328,0.3909329829172142,0.6278586278586279
0.3253969175398369,0.3915900131406045,0.6288981288981289
0.3256581429773895,0.39224704336399474,0.6299376299376299
0.32600354105593127,0.392904073587385,0.6309771309771309
0.3264969668824195,0.3935611038107753,0.632016632016632
0.3269991002234929,0.39421813403416556,0.6330561330561331
0.32750123356456623,0.39487516425755587,0.6340956340956341
0.32767538385626793,0.3955321944809461,0.6351351351351351
0.32796563434243753,0.3961892247043364,0.6361746361746362
0.3289728035294459,0.3968462549277267,0.6382536382536382
0.3293182016079877,0.39750328515111694,0.6392931392931392
0.32959684207471046,0.39816031537450725,0.6403326403326404
0.3301076829303689,0.3988173455978975,0.6403326403326404
0.3313905900792384,0.39947437582128775,0.6424116424116424
0.3325806170725336,0.40013140604467806,0.6434511434511434
0.33545699939047396,0.4007884362680683,0.6444906444906445
0.33594462020723886,0.4014454664914586,0.6465696465696466
0.3362697007517488,0.4021024967148489,0.6476091476091476
0.33660348881084373,0.40275952693823913,0.6486486486486487
0.3378225408527559,0.40341655716162944,0.6486486486486487
0.33807796128058515,0.4040735873850197,0.6496881496881497
0.3387716599425304,0.40473061760841,0.6507276507276507
0.3388413200592111,0.40538764783180026,0.6517671517671517
0.3391141555162105,0.4060446780551905,0.6517671517671517
0.3392941108176356,0.4067017082785808,0.6528066528066528
0.33934055089542275,0.4073587385019711,0.6538461538461539
0.3401126171886338,0.4080157687253614,0.656964656964657
0.34080341334571734,0.40867279894875164,0.658004158004158
0.34106463878327,0.40932982917214195,0.659043659043659
0.3413084491916524,0.4099868593955322,0.66008316008316
0.3413752068034714,0.41064388961892245,0.6611226611226612
0.3416248222215772,0.41130091984231276,0.6621621621621622
0.34203117290221463,0.411957950065703,0.6652806652806653
0.343171857312861,0.4126149802890933,0.6663201663201663
0.3438655559748063,0.4132720105124836,0.6673596673596673
0.3446724523263576,0.41392904073587383,0.6683991683991684
0.34494238527849536,0.41458607095926414,0.6694386694386695
0.3454212985806751,0.4152431011826544,0.6704781704781705
0.34566510898905756,0.4159001314060447,0.6715176715176715
0.3459292369314719,0.41655716162943496,0.6725571725571725
0.3463646126607262,0.4172141918528252,0.6746361746361746
0.3466258380982788,0.4178712220762155,0.6746361746361746
0.34691899108931007,0.4185282522996058,0.6756756756756757
0.3471018488955969,0.4191852825229961,0.6767151767151767
0.3475517371491597,0.41984231274638634,0.6777546777546778
0.3479203552665951,0.4204993429697766,0.6777546777546778
0.34825414332569005,0.4211563731931669,0.6787941787941788
0.35047165704002553,0.42181340341655715,0.6787941787941788
0.3512814558964386,0.42247043363994746,0.6787941787941788
0.3515107537805126,0.4231274638633377,0.6798336798336798
0.35180390677154383,0.42378449408672797,0.6808731808731808
0.35228282007372363,0.4244415243101183,0.681912681912682
0.3526369256668505,0.42509855453350853,0.682952182952183
0.3536092647955185,0.42575558475689884,0.683991683991684
0.35427393840884686,0.4264126149802891,0.685031185031185
0.3546657765651757,0.42706964520367935,0.6860706860706861
0.355121469828462,0.42772667542706966,0.6871101871101871
0.35518822744028095,0.4283837056504599,0.6871101871101871
0.3558354860244391,0.4290407358738502,0.6891891891891891
0.356027051345311,0.4296977660972405,0.6891891891891891
0.3565756247641715,0.43035479632063073,0.6891891891891891
0.357124198183032,0.43101182654402104,0.6891891891891891
0.3575740864365948,0.4316688567674113,0.6902286902286903
0.3578353118741474,0.4323258869908016,0.6912681912681913
0.3646939308623342,0.43298291721419185,0.6912681912681913
0.36540504455344963,0.4336399474375821,0.6923076923076923
0.36595361797231013,0.4342969776609724,0.6923076923076923
0.3662845035265434,0.43495400788436267,0.6943866943866944
0.36786056366644415,0.435611038107753,0.6954261954261954
0.3683046469102836,0.43626806833114323,0.6954261954261954
0.36921893594171773,0.4369250985545335,0.6964656964656964
0.3719037529387862,0.4375821287779238,0.6964656964656964
0.37318375758279393,0.43823915900131405,0.6964656964656964
0.3733579078744957,0.43889618922470436,0.6975051975051975
0.37349722810785707,0.4395532194480946,0.6975051975051975
0.3735639857196761,0.44021024967148487,0.6985446985446986
0.37384843119612227,0.4408672798948752,0.6995841995841996
0.3750819957623429,0.44152431011826543,0.7006237006237006
0.3768873537863176,0.44218134034165574,0.7016632016632016
0.3769541113981366,0.442838370565046,0.7027027027027027
0.377731982701071,0.44349540078843624,0.7047817047817048
0.37791484050735785,0.44415243101182655,0.7058212058212058
0.37861144167416483,0.4448094612352168,0.7068607068607069
0.37873915188807944,0.4454664914586071,0.7079002079002079
0.3799291788813746,0.44612352168199737,0.7079002079002079
0.3805241923780222,0.4467805519053876,0.7089397089397089
0.3806664151162453,0.44743758212877793,0.7099792099792099
0.3814820189823818,0.4480946123521682,0.7099792099792099
0.38216120512001855,0.4487516425755585,0.7110187110187111
0.38257045830551767,0.44940867279894875,0.7110187110187111
0.3829971265201869,0.450065703022339,0.7130977130977131
0.3830842016660378,0.4507227332457293,0.7141372141372141
0.3841465184454184,0.45137976346911957,0.7141372141372141
0.3843467912808754,0.4520367936925099,0.7141372141372141
0.3847995820392999,0.45269382391590013,0.7141372141372141
0.385943168954808,0.4533508541392904,0.7141372141372141
0.38637273967433894,0.4540078843626807,0.7141372141372141
0.38743505645371956,0.45466491458607095,0.7151767151767152
0.3882303427858242,0.45532194480946125,0.7172557172557172
0.38832032043653675,0.4559789750328515,0.7172557172557172
0.3887353786317592,0.45663600525624176,0.7172557172557172
0.3888485763213653,0.45729303547963207,0.7182952182952183
0.38924331698255593,0.4579500657030223,0.7203742203742204
0.38998926073201173,0.45860709592641263,0.7203742203742204
0.39244477984500625,0.4592641261498029,0.7203742203742204
0.3930165733027603,0.45992115637319314,0.7203742203742204
0.39318491858473864,0.46057818659658345,0.7214137214137214
0.3932777987403129,0.4612352168199737,0.7214137214137214
0.3939714974022582,0.461892247043364,0.7224532224532224
0.39450265579194843,0.46254927726675427,0.7224532224532224
0.39517603691986186,0.4632063074901445,0.7234927234927235
0.39545467738658463,0.46386333771353483,0.7245322245322245
0.3956578527269033,0.4645203679369251,0.7245322245322245
0.3958029779699881,0.4651773981603154,0.7245322245322245
0.398264302092706,0.46583442838370565,0.7266112266112266
0.3984065248309291,0.4664914586070959,0.7266112266112266
0.3987751429483644,0.4671484888304862,0.7276507276507277
0.3992540562505442,0.46780551905387646,0.7286902286902287
0.399666211940905,0.46846254927726677,0.7297297297297297
0.39977360462078776,0.469119579500657,0.7307692307692307
0.4000116100194468,0.46977660972404733,0.7318087318087318
0.4001248077090529,0.4704336399474376,0.7328482328482329
0.40103329173076363,0.47109067017082784,0.7338877338877339
0.4017473079267408,0.47174770039421815,0.7349272349272349
0.40236554146228193,0.4724047306176084,0.735966735966736
0.40242939656923926,0.4730617608409987,0.735966735966736
0.4027457695991641,0.47371879106438897,0.738045738045738
0.4028821873276638,0.4743758212877792,0.739085239085239
0.4032943430180246,0.47503285151116953,0.7401247401247402
0.4037181087278321,0.4756898817345598,0.7411642411642412
0.4040083592140017,0.4763469119579501,0.7422037422037422
0.4041128493890227,0.47700394218134035,0.7422037422037422
0.40473398542942557,0.4776609724047306,0.7432432432432432
0.40498360084753143,0.4783180026281209,0.7442827442827443
0.40568890952892345,0.47897503285151116,0.7453222453222453
0.40588337735465707,0.47963206307490147,0.7453222453222453
0.4059588424810612,0.4802890932982917,0.7463617463617463
0.40984529649087165,0.480946123521682,0.7474012474012474
0.41001364177285,0.4816031537450723,0.7474012474012474
0.41023132963747716,0.48226018396846254,0.7484407484407485
0.4113313789800598,0.48291721419185285,0.7494802494802495
0.4120250776420051,0.4835742444152431,0.7505197505197505
0.41270716628450355,0.48423127463863336,0.7515592515592515
0.4129306591588541,0.48488830486202367,0.7536382536382537
0.4134792325777146,0.4855453350854139,0.7546777546777547
0.4136156503062143,0.48620236530880423,0.7557172557172557
0.41381011813194785,0.4868593955321945,0.7557172557172557
0.41400458595768147,0.48751642575558474,0.7557172557172557
0.41441964415290394,0.48817345597897505,0.7567567567567568
0.414791164775201,0.4888304862023653,0.7577962577962578
0.4153948857864337,0.4894875164257556,0.7588357588357588
0.4155167909906249,0.49014454664914586,0.7588357588357588
0.4162511247206339,0.4908015768725361,0.760914760914761
0.4167416480422605,0.4914586070959264,0.760914760914761
0.4169157983339622,0.4921156373193167,0.760914760914761
0.4172757089368125,0.492772667542707,0.762993762993763
0.4174440542187908,0.49342969776609724,0.762993762993763
0.41759788697646066,0.4940867279894875,0.764033264033264
0.4177110846660668,0.4947437582128778,0.764033264033264
0.4182799756189592,0.49540078843626806,0.7650727650727651
0.4183757582793951,0.49605781865965837,0.7650727650727651
0.418729863872522,0.4967148488830486,0.7650727650727651
0.41913621455315936,0.4973718791064389,0.7661122661122661
0.4195802977969988,0.4980289093298292,0.7661122661122661
0.42096769512088933,0.49868593955321944,0.7661122661122661
0.4216642962876963,0.49934296977660975,0.7661122661122661
0.42220416219197165,0.5,0.7671517671517671
0.4224073375322904,0.5006570302233903,0.7681912681912682
0.422601805358024,0.5013140604467805,0.7692307692307693
0.4233274315734479,0.5019710906701709,0.7702702702702703
0.4234522392825008,0.5026281208935611,0.7702702702702703
0.4235973645255856,0.5032851511169514,0.7702702702702703
0.4244681159840943,0.5039421813403416,0.7702702702702703
0.4246567788001045,0.5045992115637319,0.7713097713097713
0.4247931965286042,0.5052562417871223,0.7723492723492723
0.4249296142571039,0.5059132720105125,0.7733887733887734
0.42589614837604856,0.5065703022339028,0.7733887733887734
0.42595710097814415,0.507227332457293,0.7733887733887734
0.42674948480538705,0.5078843626806833,0.7733887733887734
0.42693814762139726,0.5085413929040736,0.7733887733887734
0.427483818535396,0.5091984231274639,0.7754677754677755
0.4287696281891272,0.5098554533508541,0.7785862785862786
0.43015412300815603,0.5105124835742444,0.7796257796257796
0.43034859083388965,0.5111695137976346,0.7806652806652806
0.43153861782718483,0.511826544021025,0.7806652806652806
0.43187821089600326,0.5124835742444153,0.7817047817047817
0.43225843903288536,0.5131406044678055,0.7827442827442828
0.43234841668359797,0.5137976346911958,0.7837837837837838
0.4327112297913099,0.514454664914586,0.7858627858627859
0.4333730008997765,0.5151116951379764,0.7879417879417879
0.43359068876440365,0.5157687253613666,0.7879417879417879
0.4342437523582852,0.5164257555847569,0.7889812889812889
0.4342959974457957,0.5170827858081471,0.7900207900207901
0.4346675180680928,0.5177398160315374,0.7910602910602911
0.43552956201201637,0.5183968462549278,0.7910602910602911
0.43560792964328215,0.519053876478318,0.7910602910602911
0.43587496009055815,0.5197109067017083,0.7910602910602911
0.4363277508489827,0.5203679369250985,0.7910602910602911
0.4364728760920675,0.5210249671484888,0.7931392931392931
0.43701564450120456,0.5216819973718791,0.7941787941787942
0.4377615882506603,0.5223390275952694,0.7962577962577962
0.4384378718834354,0.5229960578186597,0.7962577962577962
0.44068441064638786,0.5236530880420499,0.7962577962577962
0.4407801933068238,0.5243101182654402,0.7972972972972973
0.441436159405567,0.5249671484888305,0.7993762993762994
0.44227498331059706,0.5256241787122208,0.8004158004158004
0.44368560067338114,0.526281208935611,0.8014553014553014
0.4438307259164659,0.5269382391590013,0.8014553014553014
0.4446985748701129,0.5275952693823915,0.8035343035343036
0.44521231823063306,0.5282522996057819,0.8035343035343036
0.44720924157547964,0.5289093298291722,0.8045738045738046
0.45286041854120107,0.5295663600525624,0.8045738045738046
0.4537660000580501,0.5302233902759527,0.8045738045738046
0.4538937102719647,0.5308804204993429,0.8066528066528067
0.4547093141381012,0.5315374507227333,0.8076923076923077
0.4548515368763243,0.5321944809461235,0.8076923076923077
0.45558006559660985,0.5328515111695138,0.8076923076923077
0.4560328563550344,0.533508541392904,0.8076923076923077
0.45733027602821236,0.5341655716162943,0.8087318087318087
0.458668330769454,0.5348226018396847,0.8087318087318087
0.46138797782486285,0.5354796320630749,0.8087318087318087
0.4616869358256175,0.5361366622864652,0.8087318087318087
0.4625518822744028,0.5367936925098554,0.8097713097713097
0.4626186398862218,0.5374507227332457,0.8097713097713097
0.4636954691899109,0.538107752956636,0.8108108108108109
0.46465039328940877,0.5387647831800263,0.8108108108108109
0.46505964647490783,0.5394218134034166,0.8108108108108109
0.4651641366499289,0.5400788436268068,0.8118503118503119
0.4673555278205091,0.5407358738501971,0.8128898128898129
0.4676399732969553,0.5413929040735874,0.8128898128898129
0.46826110933735815,0.5420499342969777,0.8139293139293139
0.46938147621397264,0.5427069645203679,0.8139293139293139
0.4702435201578963,0.5433639947437582,0.8139293139293139
0.4717557251908397,0.5440210249671484,0.814968814968815
0.4719095579485096,0.5446780551905388,0.814968814968815
0.47397614141003686,0.545335085413929,0.814968814968815
0.47503265317969406,0.5459921156373193,0.817047817047817
0.47598467477433026,0.5466491458607096,0.8191268191268192
0.47704699155371083,0.5473061760840998,0.8201663201663202
0.47810930833309145,0.5479632063074902,0.8201663201663202
0.47835892375119726,0.5486202365308804,0.8212058212058212
0.47850404899428206,0.5492772667542707,0.8222453222453222
0.47866658926653705,0.5499342969776609,0.8232848232848233
0.47924999274373786,0.5505913272010512,0.8243243243243243
0.47938931297709925,0.5512483574244416,0.8243243243243243
0.4803558470960439,0.5519053876478318,0.8253638253638254
0.4815313615650306,0.5525624178712221,0.8264033264033264
0.48203929991582734,0.5532194480946123,0.8274428274428275
0.48282878123820855,0.5538764783180026,0.8274428274428275
0.4830609816271442,0.5545335085413929,0.8274428274428275
0.4856848460221171,0.5551905387647832,0.8274428274428275
0.48630598206251996,0.5558475689881734,0.8284823284823285
0.4870170957536354,0.5565045992115637,0.8284823284823285
0.48722897860853914,0.557161629434954,0.8295218295218295
0.48731024874466666,0.5578186596583443,0.8305613305613305
0.48744376396830463,0.5584756898817346,0.8305613305613305
0.4887324761268975,0.5591327201051248,0.8305613305613305
0.48992540562505443,0.5597897503285151,0.8305613305613305
0.4910457725016689,0.5604467805519053,0.8316008316008316
0.4914260006385511,0.5611038107752957,0.8316008316008316
0.492018111630337,0.561760840998686,0.8326403326403327
0.49231416712622994,0.5624178712220762,0.8336798336798337
0.4927495428554843,0.5630749014454665,0.8347193347193347
0.49364641685774824,0.5637319316688568,0.8357588357588358
0.4942269178300874,0.5643889618922471,0.8367983367983368
0.49457521841349084,0.5650459921156373,0.8378378378378378
0.4953501872115636,0.5657030223390276,0.8388773388773388
0.4956114126491162,0.5663600525624178,0.8388773388773388
0.4956752677560735,0.5670170827858082,0.8388773388773388
0.4961832061068702,0.5676741130091985,0.83991683991684
0.4964531390590079,0.5683311432325887,0.840956340956341
0.4972774504397295,0.568988173455979,0.841995841995842
0.4979711491016747,0.5696452036793692,0.843035343035343
0.49998548747569155,0.5703022339027596,0.843035343035343
0.500333788059095,0.5709592641261498,0.8440748440748441
0.5012161495370505,0.5716162943495401,0.8440748440748441
0.5020549734420805,0.5722733245729303,0.8451143451143451
0.502165268626825,0.5729303547963206,0.8471933471933472
0.5027980146866746,0.573587385019711,0.8482328482328483
0.5029025048616956,0.5742444152431012,0.8492723492723493
0.5041273619133312,0.5749014454664915,0.8492723492723493
0.5057672771601892,0.5755584756898817,0.8492723492723493
0.5078280556119932,0.576215505913272,0.8513513513513513
0.5081589411662265,0.5768725361366623,0.8523908523908524
0.509116767770586,0.5775295663600526,0.8523908523908524
0.5103619423562534,0.5781865965834428,0.8534303534303534
0.5104286999680725,0.5788436268068331,0.8544698544698545
0.5106579978521464,0.5795006570302234,0.8555093555093555
0.510919223289699,0.5801576872536137,0.8555093555093555
0.5111223986300177,0.580814717477004,0.8555093555093555
0.5120657127100688,0.5814717477003942,0.8555093555093555
0.5123153281281746,0.5821287779237845,0.8575883575883576
0.5132092996255768,0.5827858081471747,0.8575883575883576
0.5133689373929702,0.5834428383705651,0.8586278586278586
0.5136824079180332,0.5840998685939554,0.8586278586278586
0.5139552433750326,0.5847568988173456,0.8586278586278586
0.514228078832032,0.5854139290407359,0.8586278586278586
0.5142774214146809,0.5860709592641261,0.8586278586278586
0.5143935216091486,0.5867279894875165,0.8596673596673596
0.5144515717063826,0.5873850197109067,0.8617463617463618
0.5152758830871041,0.588042049934297,0.8617463617463618
0.5164426900415058,0.5886990801576872,0.8617463617463618
0.5165616927408353,0.5893561103810775,0.8627858627858628
0.5177372072098221,0.5900131406044679,0.8638253638253638
0.5192871448059676,0.5906701708278581,0.8638253638253638
0.5206542245958262,0.5913272010512484,0.8638253638253638
0.5218471540939831,0.5919842312746386,0.8648648648648649
0.5222360897454503,0.5926412614980289,0.8648648648648649
0.5223289699010246,0.5932982917214192,0.8648648648648649
0.5224276550663223,0.5939553219448095,0.8659043659043659
0.5229297884073956,0.5946123521681997,0.8659043659043659
0.5230778161553421,0.59526938239159,0.8669438669438669
0.5244507009549241,0.5959264126149802,0.8690228690228691
0.5246654863146896,0.5965834428383706,0.8690228690228691
0.5259454909586974,0.5972404730617609,0.8700623700623701
0.5290830987141903,0.5978975032851511,0.8700623700623701
0.5305372536498999,0.5985545335085414,0.8700623700623701
0.5317011580994399,0.5992115637319316,0.8700623700623701
0.5375148753374162,0.599868593955322,0.8700623700623701
0.5378834934548515,0.6005256241787122,0.8711018711018711
0.5393376483905611,0.6011826544021025,0.8721413721413721
0.5394305285461353,0.6018396846254928,0.8731808731808732
0.5416132122021304,0.602496714848883,0.8742203742203742
0.5436768931587961,0.6031537450722734,0.8742203742203742
0.544477984500624,0.6038107752956636,0.8752598752598753
0.5447188924041447,0.6044678055190539,0.8752598752598753
0.5460656546599716,0.6051248357424441,0.8752598752598753
0.5461933648738861,0.6057818659658344,0.8762993762993763
0.5464110527385133,0.6064388961892248,0.8762993762993763
0.5464865178649174,0.607095926412615,0.8762993762993763
0.5465997155545236,0.6077529566360053,0.8762993762993763
0.5467216207587148,0.6084099868593955,0.8762993762993763
0.5476649348387659,0.6090670170827858,0.8762993762993763
0.5484137810930834,0.6097240473061761,0.8762993762993763
0.5485850288799233,0.6103810775295664,0.8783783783783784
0.5495718805328998,0.6110381077529566,0.8783783783783784
0.5498389109801759,0.6116951379763469,0.8794178794178794
0.5512669433721301,0.6123521681997371,0.8794178794178794
0.5522857225785853,0.6130091984231275,0.8794178794178794
0.5527791484050736,0.6136662286465178,0.8794178794178794
0.553394479435753,0.614323258869908,0.8794178794178794
0.5543406960206658,0.6149802890932983,0.8794178794178794
0.5549124894784199,0.6156373193166885,0.8794178794178794
0.5558877311119497,0.6162943495400789,0.8804573804573804
0.556494354628044,0.6169513797634691,0.8804573804573804
0.5568629727454794,0.6176084099868594,0.8804573804573804
0.5586770382840391,0.6182654402102497,0.8814968814968815
0.55876411342989,0.6189224704336399,0.8825363825363826
0.5593126868487505,0.6195795006570303,0.8835758835758836
0.5601979508315676,0.6202365308804205,0.8835758835758836
0.5611731924650973,0.6208935611038108,0.8835758835758836
0.5612370475720547,0.621550591327201,0.8846153846153846
0.5620700664673614,0.6222076215505913,0.8846153846153846
0.5626999100223493,0.6228646517739816,0.8856548856548857
0.565602414884045,0.6235216819973719,0.8856548856548857
0.5674919455490088,0.6241787122207622,0.8856548856548857
0.5693814762139726,0.6248357424441524,0.8866943866943867
0.5712710068789365,0.6254927726675427,0.8866943866943867
0.5726061591153165,0.626149802890933,0.8866943866943867
0.5735059356224421,0.6268068331143233,0.8877338877338877
0.5750326531796941,0.6274638633377135,0.8887733887733887
0.5754854439381186,0.6281208935611038,0.8908523908523909
0.5761007749687981,0.628777923784494,0.8908523908523909
0.5761617275708937,0.6294349540078844,0.8908523908523909
0.5772791919426465,0.6300919842312747,0.8918918918918919
0.578628856703335,0.6307490144546649,0.8918918918918919
0.5795228282007372,0.6314060446780552,0.8918918918918919
0.5797521260848112,0.6320630749014454,0.8918918918918919
0.5798188836966301,0.6327201051248358,0.8929313929313929
0.5799088613473428,0.633377135348226,0.893970893970894
0.5811540359330102,0.6340341655716163,0.893970893970894
0.5814413839143181,0.6346911957950065,0.896049896049896
0.5818012945171683,0.6353482260183968,0.896049896049896
0.5838214379009085,0.6360052562417872,0.8970893970893971
0.584082663338461,0.6366622864651774,0.8970893970893971
0.5846051142135663,0.6373193166885677,0.8981288981288982
0.5855890633616812,0.6379763469119579,0.8981288981288982
0.5856384059443299,0.6386333771353482,0.8981288981288982
0.5872173685890923,0.6392904073587385,0.8981288981288982
0.5879023597364526,0.6399474375821288,0.8991683991683992
0.5884741531942066,0.640604467805519,0.8991683991683992
0.5885670333497809,0.6412614980289093,0.8991683991683992
0.58865120599077,0.6419185282522996,0.8991683991683992
0.5912083127739239,0.6425755584756899,0.8991683991683992
0.5919861840768583,0.6432325886990802,0.8991683991683992
0.5921516268539749,0.6438896189224704,0.9002079002079002
0.5942036977911938,0.6445466491458607,0.9012474012474012
0.5944213856558209,0.6452036793692509,0.9012474012474012
0.5946390735204481,0.6458607095926413,0.9012474012474012
0.5964589440687313,0.6465177398160316,0.9012474012474012
0.5966505093896032,0.6471747700394218,0.9022869022869023
0.597730241198154,0.6478318002628121,0.9022869022869023
0.6003599106028502,0.6484888304862023,0.9033264033264033
0.6041447769425013,0.6491458607095927,0.9043659043659044
0.6052506312948074,0.6498028909329829,0.9043659043659044
0.6066148085798043,0.6504599211563732,0.9043659043659044
0.607915130757844,0.6511169513797634,0.9043659043659044
0.6080631585057905,0.6517739816031537,0.9043659043659044
0.6081095985835776,0.6524310118265441,0.9043659043659044
0.6081560386613648,0.6530880420499343,0.9043659043659044
0.610109424433286,0.6537450722733246,0.9043659043659044
0.6116883870780484,0.6544021024967148,0.9054054054054054
0.6124459408469509,0.6550591327201051,0.9054054054054054
0.614219371317447,0.6557161629434954,0.9054054054054054
0.6144167416480423,0.6563731931668857,0.9054054054054054
0.6164484950512292,0.657030223390276,0.9054054054054054
0.6174121266653122,0.6576872536136662,0.9064449064449065
0.618329318201608,0.6583442838370565,0.9064449064449065
0.6192436072330422,0.6590013140604468,0.9064449064449065
0.6193422923983398,0.6596583442838371,0.9064449064449065
0.6229965460192146,0.6603153745072273,0.9064449064449065
0.6230516936115869,0.6609724047306176,0.9064449064449065
0.6230894261747888,0.6616294349540078,0.9064449064449065
0.623774417322149,0.6622864651773982,0.9064449064449065
0.6238527849534148,0.6629434954007885,0.9064449064449065
0.627588308710417,0.6636005256241787,0.9074844074844075
0.6279482193132674,0.664257555847569,0.9085239085239085
0.6280991495660755,0.6649145860709592,0.9085239085239085
0.6282384697994369,0.6655716162943496,0.9095634095634095
0.629419789278147,0.6662286465177398,0.9106029106029107
0.6296374771427742,0.6668856767411301,0.9106029106029107
0.6306185237860273,0.6675427069645203,0.9116424116424117
0.6306736713783996,0.6681997371879106,0.9116424116424117
0.6330479203552666,0.668856767411301,0.9126819126819127
0.6330885554233303,0.6695137976346912,0.9126819126819127
0.6339273793283604,0.6701708278580815,0.9137214137214137
0.6340637970568601,0.6708278580814717,0.9137214137214137
0.6342785824166256,0.671484888304862,0.9147609147609148
0.6353263866716977,0.6721419185282523,0.9158004158004158
0.6355730995849418,0.6727989487516426,0.9158004158004158
0.635819812498186,0.6734559789750328,0.9158004158004158
0.6375584129103417,0.6741130091984231,0.9158004158004158
0.6377731982701071,0.6747700394218134,0.9168399168399168
0.6384930194758076,0.6754270696452037,0.9168399168399168
0.6418018750181407,0.676084099868594,0.9168399168399168
0.6418715351348213,0.6767411300919842,0.918918918918919
0.6419005601834383,0.6773981603153745,0.91995841995842
0.6420137578730445,0.6780551905387647,0.91995841995842
0.6420572954459699,0.6787122207621551,0.91995841995842
0.6433285925753925,0.6793692509855453,0.91995841995842
0.6434766203233391,0.6800262812089356,0.920997920997921
0.645049777958378,0.6806833114323259,0.920997920997921
0.645308100891069,0.6813403416557161,0.920997920997921
0.6474414419644153,0.6819973718791065,0.920997920997921
0.6492874350564537,0.6826544021024967,0.922037422037422
0.6495341479696979,0.683311432325887,0.922037422037422
0.6496676631933358,0.6839684625492772,0.922037422037422
0.6498389109801759,0.6846254927726675,0.922037422037422
0.6499869387281224,0.6852825229960579,0.922037422037422
0.6500304763010478,0.6859395532194481,0.9241164241164241
0.6507502975067483,0.6865965834428384,0.9241164241164241
0.6509708878762372,0.6872536136662286,0.9241164241164241
0.6519896670826923,0.687910643889619,0.9251559251559252
0.6535889472614866,0.6885676741130092,0.9251559251559252
0.6543232809914956,0.6892247043363995,0.9251559251559252
0.6548341218471541,0.6898817345597897,0.9251559251559252
0.6555626505674397,0.69053876478318,0.9251559251559252
0.6559922212869707,0.6911957950065704,0.9282744282744283
0.6560880039474066,0.6918528252299606,0.9282744282744283
0.6568774852697878,0.6925098554533509,0.9282744282744283
0.6570603430760746,0.6931668856767411,0.9293139293139293
0.657190955794851,0.6938239159001314,0.9293139293139293
0.6573360810379357,0.6944809461235217,0.9324324324324325
0.6577540417380199,0.695137976346912,0.9334719334719335
0.6588744086146344,0.6957950065703022,0.9355509355509356
0.6589527762459002,0.6964520367936925,0.9355509355509356
0.6590137288479958,0.6971090670170828,0.9355509355509356
0.6599106028502598,0.6977660972404731,0.9355509355509356
0.6617798159811917,0.6984231274638634,0.9365904365904366
0.6619481612631701,0.6990801576872536,0.9376299376299376
0.6622471192639248,0.6997371879106439,0.9376299376299376
0.6625576872841262,0.7003942181340341,0.9376299376299376
0.6635503439468261,0.7010512483574245,0.9376299376299376
0.6667053667314893,0.7017082785808147,0.9376299376299376
0.6669230545961164,0.702365308804205,0.9376299376299376
0.6671407424607436,0.7030223390275953,0.9376299376299376
0.6704728180419702,0.7036793692509855,0.9376299376299376
0.6718602153658607,0.7043363994743759,0.9376299376299376
0.6727454793486779,0.7049934296977661,0.9376299376299376
0.6751023132963748,0.7056504599211564,0.9376299376299376
0.6760107973180856,0.7063074901445466,0.9386694386694386
0.6760891649493513,0.7069645203679369,0.9386694386694386
0.6765564682320843,0.7076215505913273,0.9386694386694386
0.6782341160421443,0.7082785808147175,0.9397089397089398
0.6784518039067715,0.7089356110381078,0.9397089397089398
0.680306504513395,0.709592641261498,0.9407484407484408
0.6804429222418947,0.7102496714848883,0.9407484407484408
0.6812788436420631,0.7109067017082786,0.9417879417879418
0.6813397962441587,0.7115637319316689,0.9428274428274428
0.6814646039532116,0.7122207621550591,0.9428274428274428
0.6823179403825501,0.7128777923784494,0.9428274428274428
0.6823498679360288,0.7135348226018396,0.9428274428274428
0.6826343134124749,0.71419185282523,0.9438669438669439
0.6830377615882507,0.7148488830486203,0.9449064449064449
0.6832989870258033,0.7155059132720105,0.946985446985447
0.6835050648709836,0.7161629434954008,0.9480249480249481
0.6851769076713203,0.716819973718791,0.9480249480249481
0.6883725655240472,0.7174770039421814,0.9480249480249481
0.6896554726729167,0.7181340341655716,0.9480249480249481
0.6902969262473515,0.7187910643889619,0.9480249480249481
0.6942501378689809,0.7194480946123522,0.9480249480249481
0.6943110904710765,0.7201051248357424,0.9480249480249481
0.6943372130148318,0.7207621550591328,0.9480249480249481
0.6949699590746814,0.721419185282523,0.9480249480249481
0.6955359475227121,0.7220762155059133,0.9480249480249481
0.6975067483238034,0.7227332457293035,0.9490644490644491
0.6992047136678954,0.7233902759526938,0.9490644490644491
0.7025019591907816,0.7240473061760841,0.9490644490644491
0.7025396917539837,0.7247043363994744,0.9490644490644491
0.7026877195019302,0.7253613666228647,0.9490644490644491
0.7027457695991641,0.7260183968462549,0.9490644490644491
0.7035265434069602,0.7266754270696452,0.9490644490644491
0.7052303137607755,0.7273324572930355,0.9490644490644491
0.7054044640524773,0.7279894875164258,0.9501039501039501
0.7090209851101501,0.728646517739816,0.9501039501039501
0.7093257481206281,0.7293035479632063,0.9511434511434511
0.7108466606681566,0.7299605781865965,0.9511434511434511
0.7110933735814008,0.7306176084099869,0.9511434511434511
0.7127913389254927,0.7312746386333772,0.9511434511434511
0.7129161466345456,0.7319316688567674,0.9521829521829522
0.7139784634139262,0.7325886990801577,0.9521829521829522
0.71569674629205,0.7332457293035479,0.9521829521829522
0.7159695817490495,0.7339027595269383,0.9521829521829522
0.7160450468754536,0.7345597897503285,0.9521829521829522
0.7161001944678257,0.7352168199737188,0.9521829521829522
0.7161582445650596,0.735873850197109,0.9521829521829522
0.7190433343975852,0.7365308804204993,0.9532224532224532
0.7198560357588599,0.7371879106438897,0.9532224532224532
0.7224769976489711,0.7378449408672799,0.9532224532224532
0.7225321452413432,0.7385019710906702,0.9532224532224532
0.7225989028531623,0.7391590013140604,0.9542619542619543
0.722735320581662,0.7398160315374507,0.9553014553014553
0.7235509244477984,0.740473061760841,0.9573804573804574
0.7236873421762982,0.7411300919842313,0.9573804573804574
0.7237889298464575,0.7417871222076216,0.9573804573804574
0.7239195425652338,0.7424441524310118,0.9573804573804574
0.7247525614605405,0.7431011826544021,0.9573804573804574
0.7248541491306998,0.7437582128777924,0.9573804573804574
0.7265521144747917,0.7444152431011827,0.9573804573804574
0.7278872667111718,0.7450722733245729,0.9573804573804574
0.7279453168084057,0.7457293035479632,0.9573804573804574
0.7287841407134357,0.7463863337713534,0.9573804573804574
0.7288654108495631,0.7470433639947438,0.9584199584199584
0.7291382463065625,0.7477003942181341,0.9584199584199584
0.7319304559835138,0.7483574244415243,0.9584199584199584
0.7331466055205642,0.7490144546649146,0.9584199584199584
0.7332133631323833,0.7496714848883048,0.9584199584199584
0.7338286941630627,0.7503285151116952,0.9584199584199584
0.7349403535250921,0.7509855453350854,0.9594594594594594
0.734989696107741,0.7516425755584757,0.9594594594594594
0.7350419411952515,0.7522996057818659,0.9604989604989606
0.7375177778422779,0.7529566360052562,0.9604989604989606
0.7396278988767306,0.7536136662286466,0.9615384615384616
0.7403186950338142,0.7542706964520368,0.9615384615384616
0.7404028676748033,0.7549277266754271,0.9625779625779626
0.7421675906307144,0.7555847568988173,0.9636174636174636
0.7422691783008737,0.7562417871222076,0.9636174636174636
0.7424462310974371,0.7568988173455979,0.9636174636174636
0.7432357124198183,0.7575558475689882,0.9646569646569647
0.7432908600121905,0.7582128777923784,0.9646569646569647
0.7439874611789975,0.7588699080157687,0.9646569646569647
0.7475023945665109,0.759526938239159,0.9656964656964657
0.7485356862972745,0.7601839684625493,0.9656964656964657
0.7493483876585493,0.7608409986859396,0.9667359667359667
0.7537253649899863,0.7614980289093298,0.9677754677754677
0.7558906336168113,0.7621550591327201,0.9677754677754677
0.7565407947058311,0.7628120893561103,0.9677754677754677
0.7602008533364293,0.7634691195795007,0.9688149688149689
0.7617536934374365,0.764126149802891,0.9698544698544699
0.7635387339273794,0.7647831800262812,0.9708939708939709
0.7641627724726439,0.7654402102496715,0.9708939708939709
0.7641888950163992,0.7660972404730617,0.9708939708939709
0.7644065828810264,0.7667542706964521,0.9719334719334719
0.7645952456970365,0.7674113009198423,0.9719334719334719
0.7647926160276318,0.7680683311432326,0.9719334719334719
0.7677705860157316,0.7687253613666228,0.972972972972973
0.7680318114532841,0.7693823915900131,0.974012474012474
0.7710794415580646,0.7700394218134035,0.974012474012474
0.7762604127361913,0.7706964520367937,0.9760914760914761
0.7763184628334252,0.771353482260184,0.9760914760914761
0.7765796882709779,0.7720105124835742,0.9760914760914761
0.7766754709314138,0.7726675427069645,0.9760914760914761
0.7767277160189243,0.7733245729303548,0.9771309771309772
0.7795083156764288,0.7739816031537451,0.9781704781704782
0.7795779757931095,0.7746386333771353,0.9781704781704782
0.7801642817751719,0.7752956636005256,0.9781704781704782
0.7821060575276464,0.7759526938239159,0.9792099792099792
0.7855252082547238,0.7766097240473062,0.9792099792099792
0.7856703334978086,0.7772667542706965,0.9802494802494802
0.78580965373117,0.7779237844940867,0.9802494802494802
0.7859489739645313,0.778580814717477,0.9802494802494802
0.7894029547499493,0.7792378449408672,0.9802494802494802
0.7896961077409804,0.7798948751642576,0.9802494802494802
0.7897367428090442,0.7805519053876478,0.9802494802494802
0.790920964792616,0.7812089356110381,0.9802494802494802
0.7952660145705744,0.7818659658344284,0.9802494802494802
0.7954053348039358,0.7825229960578186,0.9802494802494802
0.7954430673671379,0.783180026281209,0.9802494802494802
0.7964589440687313,0.7838370565045992,0.9802494802494802
0.7965431167097204,0.7844940867279895,0.9802494802494802
0.7966272893507097,0.7851511169513797,0.9802494802494802
0.7968217571764433,0.78580814717477,0.9802494802494802
0.7968972223028473,0.7864651773981604,0.9802494802494802
0.7969581749049429,0.7871222076215506,0.9812889812889813
0.796995907468145,0.7877792378449409,0.9823284823284824
0.7970916901285809,0.7884362680683311,0.9823284823284824
0.7972310103619423,0.7890932982917214,0.9823284823284824
0.8035903985139176,0.7897503285151117,0.9823284823284824
0.8037558412910342,0.790407358738502,0.9823284823284824
0.8047630104780426,0.7910643889618922,0.9844074844074844
0.8069979392215482,0.7917214191852825,0.9844074844074844
0.8073781673584304,0.7923784494086727,0.9844074844074844
0.8084462891475344,0.7930354796320631,0.9854469854469855
0.8084840217107364,0.7936925098554534,0.9854469854469855
0.8085798043711723,0.7943495400788436,0.9854469854469855
0.8125736510608655,0.7950065703022339,0.9864864864864865
0.8140220009868516,0.7956636005256241,0.9875259875259875
0.8142193713174469,0.7963206307490145,0.9875259875259875
0.8160508518851769,0.7969776609724047,0.9875259875259875
0.8199285983804023,0.797634691195795,0.9875259875259875
0.8226859779990131,0.7982917214191853,0.9885654885654885
0.8237773198270107,0.7989487516425755,0.9885654885654885
0.824604533712594,0.7996057818659659,0.9896049896049897
0.8258932458711868,0.8002628120893561,0.9896049896049897
0.8265027718921429,0.8009198423127464,0.9896049896049897
0.8266972397178766,0.8015768725361366,0.9906444906444907
0.8267349722810786,0.8022339027595269,0.9906444906444907
0.826778509854004,0.8028909329829172,0.9906444906444907
0.8268917075436102,0.8035479632063075,0.9906444906444907
0.8270020027283546,0.8042049934296978,0.9906444906444907
0.827112297913099,0.804862023653088,0.9906444906444907
0.8272225930978434,0.8055190538764783,0.9906444906444907
0.8273328882825879,0.8061760840998686,0.9906444906444907
0.8273503033117581,0.8068331143232589,0.9906444906444907
0.8274518909819174,0.8074901445466491,0.9916839916839917
0.8286448204800743,0.8081471747700394,0.9916839916839917
0.8325748120628103,0.8088042049934296,0.9916839916839917
0.8325951295968421,0.80946123521682,0.9916839916839917
0.8326734972281079,0.8101182654402103,0.9927234927234927
0.83589527762459,0.8107752956636005,0.9937629937629938
0.8361681130815894,0.8114323258869908,0.9937629937629938
0.841102371346472,0.812089356110381,0.9937629937629938
0.841160421443706,0.8127463863337714,0.9937629937629938
0.8413490842597161,0.8134034165571616,0.9937629937629938
0.8413926218326415,0.8140604467805519,0.9937629937629938
0.8435085478768177,0.8147174770039421,0.9937629937629938
0.843543377935158,0.8153745072273325,0.9937629937629938
0.8435782079934984,0.8160315374507228,0.9937629937629938
0.8441761239950077,0.816688567674113,0.9948024948024948
0.8451107305604737,0.8173455978975033,0.9958419958419958
0.8481670681798392,0.8180026281208935,0.9958419958419958
0.8481873857138711,0.8186596583442839,0.9958419958419958
0.8581865149624126,0.8193166885676741,0.9958419958419958
0.8582213450207529,0.8199737187910644,0.9958419958419958
0.8613038051838737,0.8206307490144547,0.9968814968814969
0.8613879778248629,0.8212877792378449,0.9968814968814969
0.861501175514469,0.8219448094612353,0.9968814968814969
0.8616114706992134,0.8226018396846255,0.9968814968814969
0.8629379154210083,0.8232588699080158,0.9968814968814969
0.8629959655182422,0.823915900131406,0.997920997920998
0.8630453081008911,0.8245729303547963,0.997920997920998
0.866574754012713,0.8252299605781866,0.997920997920998
0.8667227817606594,0.8258869908015769,0.997920997920998
0.8766812759411372,0.8265440210249672,0.997920997920998
0.8853452529532987,0.8272010512483574,0.997920997920998
0.890758424520361,0.8278580814717477,0.997920997920998
0.8908077671030099,0.828515111695138,0.997920997920998
0.8908745247148289,0.8291721419185283,0.997920997920998
0.8909703073752648,0.8298291721419185,0.997920997920998
0.8910660900357008,0.8304862023653088,0.997920997920998
0.8911618726961368,0.831143232588699,0.997920997920998
0.8912576553565728,0.8318002628120894,0.997920997920998
0.8913389254927002,0.8324572930354797,0.997920997920998
0.8913708530461788,0.8331143232588699,0.997920997920998
0.8914056831045192,0.8337713534822602,0.997920997920998
0.893390996429919,0.8344283837056504,0.998960498960499
0.8968391722056135,0.8350854139290408,0.998960498960499
0.8970858851188576,0.835742444152431,0.998960498960499
0.8977824862856645,0.8363994743758213,0.998960498960499
0.8978173163440049,0.8370565045992115,1.0
0.9032275854062055,0.8377135348226018,1.0
0.9033117580471948,0.8383705650459922,1.0
0.9087423446434273,0.8390275952693824,1.0
0.914152613705628,0.8396846254927727,1.0
0.9144457666966592,0.8403416557161629,1.0
0.9147389196876905,0.8409986859395532,1.0
0.91970220300119,0.8416557161629435,1.0
0.9199924534873596,0.8423127463863338,1.0
0.9202827039735292,0.842969776609724,1.0
0.9205729544596987,0.8436268068331143,1.0
0.9208632049458683,0.8442838370565046,1.0
0.9211534554320379,0.8449408672798949,1.0
0.9214437059182075,0.8455978975032852,1.0
0.9217339564043769,0.8462549277266754,1.0
0.9220242068905465,0.8469119579500657,1.0
0.9223144573767161,0.8475689881734559,1.0
0.9226047078628856,0.8482260183968463,1.0
0.9228949583490552,0.8488830486202366,1.0
0.9231852088352248,0.8495400788436268,1.0
0.9234754593213944,0.8501971090670171,1.0
0.9237657098075639,0.8508541392904073,1.0
0.9240559602937335,0.8515111695137977,1.0
0.9243462107799031,0.8521681997371879,1.0
0.9246364612660726,0.8528252299605782,1.0
0.9249267117522422,0.8534822601839684,1.0
0.9252169622384118,0.8541392904073587,1.0
0.9255072127245814,0.8547963206307491,1.0
0.9257974632107508,0.8554533508541393,1.0
0.9260877136969204,0.8561103810775296,1.0
0.92637796418309,0.8567674113009198,1.0
0.9266682146692595,0.8574244415243101,1.0
0.9269584651554291,0.8580814717477004,1.0
0.9272487156415987,0.8587385019710907,1.0
0.9275389661277683,0.859395532194481,1.0
0.9278292166139378,0.8600525624178712,1.0
0.9281194671001074,0.8607095926412615,1.0
0.928409717586277,0.8613666228646518,1.0
0.9286999680724465,0.8620236530880421,1.0
0.9289902185586161,0.8626806833114323,1.0
0.9292804690447857,0.8633377135348226,1.0
0.9295707195309553,0.8639947437582128,1.0
0.9298609700171248,0.8646517739816032,1.0
0.9301512205032944,0.8653088042049935,1.0
0.930441470989464,0.8659658344283837,1.0
0.9307317214756334,0.866622864651774,1.0
0.931021971961803,0.8672798948751642,1.0
0.9313122224479726,0.8679369250985546,1.0
0.9316024729341421,0.8685939553219448,1.0
0.9318927234203117,0.8692509855453351,1.0
0.9321829739064813,0.8699080157687253,1.0
0.9324732243926509,0.8705650459921156,1.0
0.9327634748788204,0.871222076215506,1.0
0.93305372536499,0.8718791064388962,1.0
0.9333439758511596,0.8725361366622865,1.0
0.9336342263373291,0.8731931668856767,1.0
0.9339244768234987,0.873850197109067,1.0
0.9342147273096683,0.8745072273324573,1.0
0.9345049777958379,0.8751642575558476,1.0
0.9347952282820073,0.8758212877792378,1.0
0.9350854787681769,0.8764783180026281,1.0
0.9353757292543465,0.8771353482260184,1.0
0.935665979740516,0.8777923784494087,1.0
0.9359562302266856,0.878449408672799,1.0
0.9362464807128552,0.8791064388961892,1.0
0.9365367311990248,0.8797634691195795,1.0
0.9368269816851943,0.8804204993429697,1.0
0.9371172321713639,0.8810775295663601,1.0
0.9374074826575335,0.8817345597897503,1.0
0.937697733143703,0.8823915900131406,1.0
0.9379879836298726,0.8830486202365309,1.0
0.9382782341160422,0.8837056504599211,1.0
0.9385684846022118,0.8843626806833115,1.0
0.9388587350883812,0.8850197109067017,1.0
0.9391489855745508,0.885676741130092,1.0
0.9394392360607204,0.8863337713534822,1.0
0.9397294865468899,0.8869908015768725,1.0
0.9400197370330595,0.8876478318002629,1.0
0.9403099875192291,0.8883048620236531,1.0
0.9406002380053987,0.8889618922470434,1.0
0.9408904884915682,0.8896189224704336,1.0
0.9411807389777378,0.8902759526938239,1.0
0.9414709894639074,0.8909329829172142,1.0
0.9417612399500769,0.8915900131406045,1.0
0.9420514904362465,0.8922470433639947,1.0
0.9423417409224161,0.892904073587385,1.0
0.9426319914085856,0.8935611038107752,1.0
0.9429222418947552,0.8942181340341656,1.0
0.9432124923809247,0.8948751642575559,1.0
0.9435027428670943,0.8955321944809461,1.0
0.9437929933532638,0.8961892247043364,1.0
0.9440832438394334,0.8968462549277266,1.0
0.944373494325603,0.897503285151117,1.0
0.9446637448117725,0.8981603153745072,1.0
0.9449539952979421,0.8988173455978975,1.0
0.9452442457841117,0.8994743758212878,1.0
0.9455344962702813,0.900131406044678,1.0
0.9458247467564508,0.9007884362680684,1.0
0.9461149972426204,0.9014454664914586,1.0
0.94640524772879,0.9021024967148489,1.0
0.9466954982149595,0.9027595269382391,1.0
0.9469857487011291,0.9034165571616294,1.0
0.9472759991872987,0.9040735873850198,1.0
0.9527617333759034,0.90473061760841,1.0
0.9581952224769976,0.9053876478318003,1.0
0.9584854729631672,0.9060446780551905,1.0
0.9587757234493368,0.9067017082785808,1.0
0.9590659739355063,0.9073587385019711,1.0
0.9593562244216759,0.9080157687253614,1.0
0.9596464749078455,0.9086727989487516,1.0
0.9599367253940151,0.9093298291721419,1.0
0.9602269758801846,0.9099868593955321,1.0
0.9605172263663542,0.9106438896189225,1.0
0.9608074768525238,0.9113009198423128,1.0
0.9610977273386933,0.911957950065703,1.0
0.9613879778248628,0.9126149802890933,1.0
0.9616782283110324,0.9132720105124835,1.0
0.9619684787972019,0.9139290407358739,1.0
0.9622587292833715,0.9145860709592641,1.0
0.9625489797695411,0.9152431011826544,1.0
0.9628392302557107,0.9159001314060446,1.0
0.9631294807418802,0.9165571616294349,1.0
0.9634197312280498,0.9172141918528253,1.0
0.9637099817142194,0.9178712220762155,1.0
0.9640002322003889,0.9185282522996058,1.0
0.9642904826865585,0.919185282522996,1.0
0.9645807331727281,0.9198423127463863,1.0
0.9648709836588977,0.9204993429697766,1.0
0.9651612341450672,0.9211563731931669,1.0
0.9654514846312368,0.9218134034165572,1.0
0.9657417351174064,0.9224704336399474,1.0
0.9660319856035758,0.9231274638633377,1.0
0.9663222360897454,0.923784494086728,1.0
0.966612486575915,0.9244415243101183,1.0
0.9669027370620846,0.9250985545335085,1.0
0.9671929875482541,0.9257555847568988,1.0
0.9674832380344237,0.926412614980289,1.0
0.9677734885205933,0.9270696452036794,1.0
0.9680637390067628,0.9277266754270697,1.0
0.9683539894929324,0.9283837056504599,1.0
0.968644239979102,0.9290407358738502,1.0
0.9689344904652716,0.9296977660972404,1.0
0.9692247409514411,0.9303547963206308,1.0
0.9695178939424723,0.931011826544021,1.0
0.9698081444286419,0.9316688567674113,1.0
0.9701012974196732,0.9323258869908015,1.0
0.9703915479058427,0.9329829172141918,1.0
0.9706817983920123,0.9336399474375822,1.0
0.9709720488781819,0.9342969776609724,1.0
0.9712622993643515,0.9349540078843627,1.0
0.971552549850521,0.9356110381077529,1.0
0.9718428003366906,0.9362680683311432,1.0
0.9721330508228602,0.9369250985545335,1.0
0.9724233013090297,0.9375821287779238,1.0
0.9727135517951992,0.938239159001314,1.0
0.9730038022813688,0.9388961892247043,1.0
0.9732940527675383,0.9395532194480947,1.0
0.9735843032537079,0.9402102496714849,1.0
0.9738745537398775,0.9408672798948752,1.0
0.9741648042260471,0.9415243101182654,1.0
0.9744550547122166,0.9421813403416557,1.0
0.9747453051983862,0.942838370565046,1.0
0.9750384581894175,0.9434954007884363,1.0
0.9753287086755871,0.9441524310118266,1.0
0.9756189591617566,0.9448094612352168,1.0
0.9759092096479262,0.9454664914586071,1.0
0.9761994601340958,0.9461235216819974,1.0
0.9764897106202652,0.9467805519053877,1.0
0.9767799611064348,0.9474375821287779,1.0
0.9770702115926044,0.9480946123521682,1.0
0.977360462078774,0.9487516425755584,1.0
0.9776507125649435,0.9494086727989488,1.0
0.9779409630511131,0.9500657030223391,1.0
0.9782312135372827,0.9507227332457293,1.0
0.9785214640234522,0.9513797634691196,1.0
0.9788117145096218,0.9520367936925098,1.0
0.9791019649957914,0.9526938239159002,1.0
0.979392215481961,0.9533508541392904,1.0
0.9796824659681305,0.9540078843626807,1.0
0.9799727164543001,0.954664914586071,1.0
0.9802629669404697,0.9553219448094612,1.0
0.9805532174266391,0.9559789750328516,1.0
0.9808434679128087,0.9566360052562418,1.0
0.9811337183989783,0.9572930354796321,1.0
0.9814239688851479,0.9579500657030223,1.0
0.9817142193713174,0.9586070959264126,1.0
0.982004469857487,0.9592641261498029,1.0
0.9822947203436566,0.9599211563731932,1.0
0.9825849708298261,0.9605781865965834,1.0
0.9828752213159957,0.9612352168199737,1.0
0.9831654718021653,0.961892247043364,1.0
0.9834557222883349,0.9625492772667543,1.0
0.9837459727745044,0.9632063074901446,1.0
0.984036223260674,0.9638633377135348,1.0
0.9843264737468436,0.9645203679369251,1.0
0.984616724233013,0.9651773981603153,1.0
0.9849069747191826,0.9658344283837057,1.0
0.9851972252053522,0.966491458607096,1.0
0.9854874756915217,0.9671484888304862,1.0
0.9857777261776913,0.9678055190538765,1.0
0.9860679766638609,0.9684625492772667,1.0
0.9863582271500305,0.9691195795006571,1.0
0.9866484776362,0.9697766097240473,1.0
0.9869387281223696,0.9704336399474376,1.0
0.9872289786085392,0.9710906701708278,1.0
0.9875192290947087,0.9717477003942181,1.0
0.9878094795808783,0.9724047306176085,1.0
0.9880997300670479,0.9730617608409987,1.0
0.9883899805532175,0.973718791064389,1.0
0.988680231039387,0.9743758212877792,1.0
0.9889704815255566,0.9750328515111695,1.0
0.9892607320117262,0.9756898817345598,1.0
0.9895509824978956,0.9763469119579501,1.0
0.9898412329840652,0.9770039421813403,1.0
0.9901314834702348,0.9776609724047306,1.0
0.9904217339564044,0.9783180026281209,1.0
0.9907119844425739,0.9789750328515112,1.0
0.9910022349287435,0.9796320630749015,1.0
0.9912924854149131,0.9802890932982917,1.0
0.9915827359010826,0.980946123521682,1.0
0.9918729863872522,0.9816031537450722,1.0
0.9921632368734218,0.9822601839684626,1.0
0.9924534873595914,0.9829172141918529,1.0
0.9927437378457609,0.9835742444152431,1.0
0.9930339883319305,0.9842312746386334,1.0
0.9933242388181001,0.9848883048620236,1.0
0.9936144893042695,0.985545335085414,1.0
0.9939047397904391,0.9862023653088042,1.0
0.9941949902766087,0.9868593955321945,1.0
0.9944852407627783,0.9875164257555847,1.0
0.9947754912489478,0.988173455978975,1.0
0.9950657417351174,0.9888304862023654,1.0
0.995355992221287,0.9894875164257556,1.0
0.9956462427074565,0.9901445466491459,1.0
0.9959364931936261,0.9908015768725361,1.0
0.9962267436797957,0.9914586070959264,1.0
0.9965169941659652,0.9921156373193167,1.0
0.9968072446521348,0.992772667542707,1.0
0.9970974951383044,0.9934296977660972,1.0
0.997387745624474,0.9940867279894875,1.0
0.9976779961106435,0.9947437582128777,1.0
0.997968246596813,0.9954007884362681,1.0
0.9982584970829826,0.9960578186596584,1.0
0.9985487475691521,0.9967148488830486,1.0
0.9988389980553217,0.9973718791064389,1.0
0.9991292485414913,0.9980289093298291,1.0
0.9994194990276609,0.9986859395532195,1.0
0.9997097495138304,0.9993429697766097,1.0
1.0,1.0,1.0
